{
  "project_info": {
    "project_number": "621979015912",
    "project_id": "strongeats-1bb50",
    "storage_bucket": "strongeats-1bb50.appspot.com"
  },
  "client": [
    {
      "client_info": {
        "mobilesdk_app_id": "1:621979015912:android:1fbf547092e9f56833075d",
        "android_client_info": {
          "package_name": "com.strongeats.strongeats"
        }
      },
      "oauth_client": [
        {
          "client_id": "621979015912-ktidnb49roultsglf44v8ns41mo0go96.apps.googleusercontent.com",
          "client_type": 3
        }
      ],
      "api_key": [
        {
          "current_key": "AIzaSyCR_D7zQjXzXDmiWsI-OKh2FfLG7nsP3zY"
        }
      ],
      "services": {
        "appinvite_service": {
          "other_platform_oauth_client": [
            {
              "client_id": "621979015912-ktidnb49roultsglf44v8ns41mo0go96.apps.googleusercontent.com",
              "client_type": 3
            },
            {
              "client_id": "621979015912-3587kr9b7jqbuqvr7pvfrpurkitfpjd5.apps.googleusercontent.com",
              "client_type": 2,
              "ios_info": {
                "bundle_id": "com.strongeats.strongeats.RunnerTests"
              }
            }
          ]
        }
      }
    }
  ],
  "configuration_version": "1"
}